,score,score_mean,score_std,rmse,mse,mae
Ridge,0.08771396409865617,0.005398803909499762,0.0002306114680689486,0.07332152398478552,0.005376045879451506,0.11407325220869316
RF,0.2842568830563835,0.004351642922508577,0.00017592427130819275,0.06494482631072769,0.004217830464530557,0.10135583590853926
GBR,0.36501726458253436,0.003997144845014953,0.00021228847949717483,0.061171189866809944,0.003741914469721287,0.09335890494946025
KNN,0.3435146690581736,0.00446520276725945,0.00017941113342166245,0.06219829540740426,0.0038686279515866974,0.0931498045398574
SVM,0.01845807203691907,0.005828658758411628,0.0002778961827115827,0.07605370878949996,0.005784166620638104,0.12763081612398433
XGBoost,0.4404084889203008,0.00408012004358237,0.00022217871138639552,0.05742506935328721,0.00329763859022982,0.08921082449348561
Stacking,0.4711017089684103,0.0031195550725258985,0.00012145268813021701,0.0558279976309978,0.003116765319486715,0.08770016973466528
